source,manufacturer_name,product_url,product_article_id,sds_pdf,sds_source,sds_language,product_name,sds_pdf_product_name,sds_pdf_published_date,sds_pdf_revision_date,sds_pdf_manufacture_name,sds_pdf_Hazards_identification,sds_filename,crawl_date
carlroth.py,carlroth,https://www.carlroth.com/com/en/a-to-z/polyethylene-glycol-200/p/2631.1,,https://www.carlroth.com/medias/SDB-2631-NO-NO.pdf?context=bWFzdGVyfHNlY3VyaXR5RGF0YXNoZWV0c3wyMzk4MTd8YXBwbGljYXRpb24vcGRmfHNlY3VyaXR5RGF0YXNoZWV0cy9oNTYvaDI3Lzg5NzMxMjMxMjUyNzgucGRmfDZiNDUxMzg1MTM2OTI0NThlN2IyYzRmY2U0N2FlMjcyMzc0ZDJkNDg0Y2MxOWM1ZjVjMjdhMTFkZjNlZmZjOWI,https://www.carlroth.com/com/en/a-to-z/polyethylene-glycol-200/p/2631.1,Norwegian,"Polyethylene glycol 200, 1 l ROTIPURAN® Ph.Eur.",Polyetylenglykol,09/12/2015,08/01/2020,Carl Roth GmbH + Co KG,,downloads/SDB-2631-NO-NO.pdf,29/06/2020
carlroth.py,carlroth,https://www.carlroth.com/com/en/hydrophilic-carbowax-embedding/polyethylene-glycol-400/p/0144.1,,https://www.carlroth.com/medias/SDB-0144-NO-NO.pdf?context=bWFzdGVyfHNlY3VyaXR5RGF0YXNoZWV0c3wyMzk4MzF8YXBwbGljYXRpb24vcGRmfHNlY3VyaXR5RGF0YXNoZWV0cy9oNmEvaDc3Lzg5NzMxMjQ4MjkyMTQucGRmfDcyYTg5ZWI2OWE5OGZjY2I5MTkxNTA4ZmZmYmEyZWJlOTM4NmU3MmZjNWJjM2VmYjlmZjFkMzhkMGM3MjM1NTM,https://www.carlroth.com/com/en/hydrophilic-carbowax-embedding/polyethylene-glycol-400/p/0144.1,Norwegian,"Polyethylene glycol 400, 1 l ROTIPURAN® Ph.Eur.",Polyetylenglykol,09/12/2015,08/01/2020,Carl Roth GmbH + Co KG,,downloads/SDB-0144-NO-NO.pdf,29/06/2020
carlroth.py,carlroth,https://www.carlroth.com/com/en/activated-charcoal/charcoal/p/x865.3,,https://www.carlroth.com/medias/SDB-X865-NO-NO.pdf?context=bWFzdGVyfHNlY3VyaXR5RGF0YXNoZWV0c3wyMTkwNTh8YXBwbGljYXRpb24vcGRmfHNlY3VyaXR5RGF0YXNoZWV0cy9oNDcvaGMwLzg5NzEwNTEwNDA3OTgucGRmfDkxNWVhZDhiOWIzZDkzMjVkMzY3Yzc1ZTg1OWQ4ODM1MGU2NGZiOWMwYmZlYjI5MjlhODE5MGFlZjk5MDZiZjc,https://www.carlroth.com/com/en/activated-charcoal/charcoal/p/x865.3,Norwegian,"Charcoal, 1 kg, plastic p.a., powder, activated",Aktivert karbon,21/01/2019,,Carl Roth GmbH + Co KG,,downloads/SDB-X865-NO-NO.pdf,29/06/2020
carlroth.py,carlroth,https://www.carlroth.com/com/en/a-to-z/polyethylene-glycol-600/p/2633.2,,https://www.carlroth.com/medias/SDB-2633-NO-NO.pdf?context=bWFzdGVyfHNlY3VyaXR5RGF0YXNoZWV0c3wyNDAxODF8YXBwbGljYXRpb24vcGRmfHNlY3VyaXR5RGF0YXNoZWV0cy9oYjAvaDZjLzg5NzMxMjMyNTYzNTAucGRmfGU0YTY4NmEyYzBhM2FhZGQ5NGQzMmM0ZDllMzg5OGIyMzlhMzBiODU1NWQ3ODc3NWM5NjAwYzY0YzBlZjAyYTI,https://www.carlroth.com/com/en/a-to-z/polyethylene-glycol-600/p/2633.2,Norwegian,"Polyethylene glycol 600, 5 l ROTIPURAN® Ph.Eur.",Polyetylenglykol,09/12/2015,08/01/2020,Carl Roth GmbH + Co KG,,downloads/SDB-2633-NO-NO.pdf,29/06/2020
carlroth.py,carlroth,https://www.carlroth.com/com/en/precipitation-concentration/polyethylene-glycol-8000/p/0263.3,,https://www.carlroth.com/medias/SDB-0263-NO-NO.pdf?context=bWFzdGVyfHNlY3VyaXR5RGF0YXNoZWV0c3wyMzk1OTN8YXBwbGljYXRpb24vcGRmfHNlY3VyaXR5RGF0YXNoZWV0cy9oNTYvaGFmLzg5NzA5MjI4MTk2MTQucGRmfDM5NjQ1NWU1ZGM3NjkwYTMxZDMyOTI5YTczZmNjMzFiOWRlMTg1ZWE0YWQwYzYzY2QwNzQxN2VhZjQxZDlhYWI,https://www.carlroth.com/com/en/precipitation-concentration/polyethylene-glycol-8000/p/0263.3,Norwegian,"Polyethylene glycol 8000, 5 kg ROTIPURAN® Ph.Eur.",Polyetylenglykol,09/12/2015,05/07/2019,Carl Roth GmbH + Co KG,,downloads/SDB-0263-NO-NO.pdf,29/06/2020
carlroth.py,carlroth,https://www.carlroth.com/com/en/a-to-z/silicone-anti-foaming-emulsion/p/0734.2,,https://www.carlroth.com/medias/SDB-0734-NO-NO.pdf?context=bWFzdGVyfHNlY3VyaXR5RGF0YXNoZWV0c3wxNzI1NTJ8YXBwbGljYXRpb24vcGRmfHNlY3VyaXR5RGF0YXNoZWV0cy9oN2MvaDBmLzg5NzA5MjQ3NTI5MjYucGRmfDNlNGUxNDU4Zjk2ZDI3OTUxYTM0YjAwMjgxMGNlM2I5Mzc0ZThhNGE5Y2JiOTU2NzI0Y2Q2YzQ0NWY4M2RjZmE,https://www.carlroth.com/com/en/a-to-z/silicone-anti-foaming-emulsion/p/0734.2,Norwegian,"Silicone anti-foaming emulsion, 1 l ",Silikon-antiskummemulsjon,15/09/2017,,Carl Roth GmbH + Co KG,,downloads/SDB-0734-NO-NO.pdf,29/06/2020
carlroth.py,carlroth,https://www.carlroth.com/com/en/silica-gels-unmodified/silica-gel-60/p/9820.3,,https://www.carlroth.com/medias/SDB-9820-NO-NO.pdf?context=bWFzdGVyfHNlY3VyaXR5RGF0YXNoZWV0c3wxOTA5NzF8YXBwbGljYXRpb24vcGRmfHNlY3VyaXR5RGF0YXNoZWV0cy9oOWIvaGU0Lzg5NzEwNzM5MTI4NjIucGRmfDQ1ZjBhYjZhNDhmZWU5Y2EyYjM0NzcxZDg3OWM5MmMyZGVjYjIxMTZiNjM5ZjVhYmNkM2EyYzJhMTkxZWQ4MjE,https://www.carlroth.com/com/en/silica-gels-unmodified/silica-gel-60/p/9820.3,Norwegian,"Silica gel 60, 1 kg 0,07-0,2 mm",Silisiumdioksid 60,27/06/2016,25/08/2017,Carl Roth GmbH + Co KG,,downloads/SDB-9820-NO-NO.pdf,29/06/2020
carlroth.py,carlroth,https://www.carlroth.com/com/en/molecular-sieves/molecular-sieve-3-%C3%A5/p/8487.3,,https://www.carlroth.com/medias/SDB-8487-NO-NO.pdf?context=bWFzdGVyfHNlY3VyaXR5RGF0YXNoZWV0c3wyMzgwMjd8YXBwbGljYXRpb24vcGRmfHNlY3VyaXR5RGF0YXNoZWV0cy9oOTcvaGZlLzg5ODU1Mjc5MTA0MzAucGRmfGM1MjJlNWJlZDY4NDJlOGUzYmRjZmRhNjlhODY1NzIwNTYyMjA2NjNlNzllOTUwNmU3NDBkZDJjMWZiM2Y1NmE,https://www.carlroth.com/com/en/molecular-sieves/molecular-sieve-3-%C3%A5/p/8487.3,Norwegian,"Molecular sieve 3 Å, 2.5 kg, plastic 0,3 nm, type 564, pearls",Molekylsikt,16/09/2015,18/05/2020,Carl Roth GmbH + Co KG,H372,downloads/SDB-8487-NO-NO.pdf,29/06/2020
carlroth.py,carlroth,https://www.carlroth.com/com/en/a-to-z/polyethylene-glycol-20000/p/0165.2,,https://www.carlroth.com/medias/SDB-0165-NO-NO.pdf?context=bWFzdGVyfHNlY3VyaXR5RGF0YXNoZWV0c3wyMzg3NjF8YXBwbGljYXRpb24vcGRmfHNlY3VyaXR5RGF0YXNoZWV0cy9oYjQvaDJiLzg5NzA5MjAyMzA5NDIucGRmfDhhZmJlM2I0ZTZmNjgxZGY3NGNiNmI3YzgyMDE5YWJkOWM1OGFjMDk1Yzk4MWVlZmQ3YTI1ZTJhNTk0YjQxMjE,https://www.carlroth.com/com/en/a-to-z/polyethylene-glycol-20000/p/0165.2,Norwegian,"Polyethylene glycol 20000, 5 kg, plastic ROTIPURAN® Ph.Eur.",Polyetylenglykol,09/12/2015,05/07/2019,Carl Roth GmbH + Co KG,,downloads/SDB-0165-NO-NO.pdf,29/06/2020
carlroth.py,carlroth,https://www.carlroth.com/com/en/hydrophilic-carbowax-embedding/polyethylene-glycol-1000/p/0150.1,,https://www.carlroth.com/medias/SDB-0150-NO-NO.pdf?context=bWFzdGVyfHNlY3VyaXR5RGF0YXNoZWV0c3wyMzgxODh8YXBwbGljYXRpb24vcGRmfHNlY3VyaXR5RGF0YXNoZWV0cy9oODIvaDNiLzg5NzA5MjYxOTQ3MTgucGRmfDMzNjhhNDQyZDI0ZTBmYjk5NWRmZWEwMzgyZDgwYjAxYmQ0ZjgwZDM2MjAxYzllMmJlMDkwNmU3YzRiYWIwMTA,https://www.carlroth.com/com/en/hydrophilic-carbowax-embedding/polyethylene-glycol-1000/p/0150.1,Norwegian,"Polyethylene glycol 1000, 1 kg ROTIPURAN® Ph.Eur.",Polyetylenglykol,09/12/2015,05/07/2019,Carl Roth GmbH + Co KG,,downloads/SDB-0150-NO-NO.pdf,29/06/2020
carlroth.py,carlroth,https://www.carlroth.com/com/en/precipitation-concentration/polyethylene-glycol-6000/p/0158.1,,https://www.carlroth.com/medias/SDB-0158-NO-NO.pdf?context=bWFzdGVyfHNlY3VyaXR5RGF0YXNoZWV0c3wyMzk1OTd8YXBwbGljYXRpb24vcGRmfHNlY3VyaXR5RGF0YXNoZWV0cy9oZDgvaDE5Lzg5NzA5MjEwMTczNzQucGRmfDBhOGE0N2Q5NTJlMjlkYmY2Zjg0YzJhMmY2YjVjODdkNmYxYjhkNjdhZDgyZWE2M2NhNThkMmM1NGY4YWI2Yzk,https://www.carlroth.com/com/en/precipitation-concentration/polyethylene-glycol-6000/p/0158.1,Norwegian,"Polyethylene glycol 6000, 1 kg ROTIPURAN® Ph.Eur.",Polyetylenglykol,09/12/2015,05/07/2019,Carl Roth GmbH + Co KG,,downloads/SDB-0158-NO-NO.pdf,29/06/2020
carlroth.py,carlroth,https://www.carlroth.com/com/en/a-to-z/polyvinylpyrrolidone-k-25/p/4606.7,,https://www.carlroth.com/medias/SDB-4606-NO-NO.pdf?context=bWFzdGVyfHNlY3VyaXR5RGF0YXNoZWV0c3wyMzAxNDV8YXBwbGljYXRpb24vcGRmfHNlY3VyaXR5RGF0YXNoZWV0cy9oMjQvaGEzLzg5NzA5NzE3MDk0NzAucGRmfGIyMTg4NGE5MDBhMDY3MTY4Y2NmZTVkZDUzODU4YzJlYzE3MzI0MmJkZTk5MTc0ZTc5NjJhMTgzMjBiZDEyZWM,https://www.carlroth.com/com/en/a-to-z/polyvinylpyrrolidone-k-25/p/4606.7,Norwegian,"Polyvinylpyrrolidone K 25, 5 kg extra pure",polyvinylpyrrolidon,07/02/2018,24/04/2018,Carl Roth GmbH + Co KG,,downloads/SDB-4606-NO-NO.pdf,29/06/2020
carlroth.py,carlroth,https://www.carlroth.com/com/en/heating-bath-fluids/heating-bath-fluid-rotithermk-%2B-h/p/7143.2,,https://www.carlroth.com/medias/SDB-7143-NO-NO.pdf?context=bWFzdGVyfHNlY3VyaXR5RGF0YXNoZWV0c3wzMTYzODh8YXBwbGljYXRpb24vcGRmfHNlY3VyaXR5RGF0YXNoZWV0cy9oYzMvaGNiLzg5NzEwMDM1MjcxOTgucGRmfGE5YjU0NTg4NTkxNGQ3MTE5YmE0NmI1NjRhZWNkNDA2NTdiYmM5Y2EzMmZkZjNkMzA3NmRiMWMxMDljMmFmMTQ,https://www.carlroth.com/com/en/heating-bath-fluids/heating-bath-fluid-rotithermk-%2B-h/p/7143.2,Norwegian,"Heating bath fluid ROTITHERM®K + H, 5 l ROTITHERM®",Polyglycol ether modified,06/04/2016,,Carl Roth GmbH + Co KG,,downloads/SDB-7143-NO-NO.pdf,29/06/2020
carlroth.py,carlroth,https://www.carlroth.com/com/en/activated-charcoal/charcoal/p/0998.3,,https://www.carlroth.com/medias/SDB-0998-NO-NO.pdf?context=bWFzdGVyfHNlY3VyaXR5RGF0YXNoZWV0c3wyMTkzMDZ8YXBwbGljYXRpb24vcGRmfHNlY3VyaXR5RGF0YXNoZWV0cy9oNzgvaDk1Lzg5NzA5MjUxMTMzNzQucGRmfGE3MjEyZWJlYmM0MTQyZWIwZTJlMjNmYjc3MjAzNDg2NmEwNzJmNmQyZjlkNjA0NWU1NjE5ZjkxNGY3NGRkZmI,https://www.carlroth.com/com/en/activated-charcoal/charcoal/p/0998.3,Norwegian,"Charcoal, 5 kg ~3 mm, steam-activated",Aktivert karbon,21/01/2019,,Carl Roth GmbH + Co KG,,downloads/SDB-0998-NO-NO.pdf,29/06/2020
carlroth.py,carlroth,https://www.carlroth.com/com/en/activated-charcoal/charcoal/p/5966.2,,https://www.carlroth.com/medias/SDB-5966-NO-NO.pdf?context=bWFzdGVyfHNlY3VyaXR5RGF0YXNoZWV0c3wyMTkyMzl8YXBwbGljYXRpb24vcGRmfHNlY3VyaXR5RGF0YXNoZWV0cy9oYWQvaGRiLzg5NzA5Njg1MzA5NzQucGRmfGNjOGExMTg0NmRhMTY1ZTY1NjRjNjFiMTU0MjJhZGM4OTFmYzM2MWNmNTFiMDc1ZmI1ZDU4YTVlMDBhMWM4MjI,https://www.carlroth.com/com/en/activated-charcoal/charcoal/p/5966.2,Norwegian,"Charcoal, 5 kg 1-3 mm, made from peat, grey, steam activated",Aktivert karbon,21/01/2019,,Carl Roth GmbH + Co KG,,downloads/SDB-5966-NO-NO.pdf,29/06/2020
carlroth.py,carlroth,https://www.carlroth.com/com/en/hydrophilic-carbowax-embedding/polyethylene-glycol-1500/p/0152.2,,https://www.carlroth.com/medias/SDB-0152-NO-NO.pdf?context=bWFzdGVyfHNlY3VyaXR5RGF0YXNoZWV0c3wyMzgxOTF8YXBwbGljYXRpb24vcGRmfHNlY3VyaXR5RGF0YXNoZWV0cy9oYmIvaGQzLzg5NzA5MjgxMjgwMzAucGRmfGYwNWM2NzlhNjUzZTQyM2E0NjI0YjQ1OThiZjY4NTVkNmVmNmY4ZWRhYjRlMTkzMTZkYmIyMTU3ODJlMzRmYmY,https://www.carlroth.com/com/en/hydrophilic-carbowax-embedding/polyethylene-glycol-1500/p/0152.2,Norwegian,"Polyethylene glycol 1500, 5 kg, plastic ROTIPURAN® Ph.Eur.",Polyetylenglykol,09/12/2015,05/07/2019,Carl Roth GmbH + Co KG,,downloads/SDB-0152-NO-NO.pdf,29/06/2020
carlroth.py,carlroth,https://www.carlroth.com/com/en/silica-gels-unmodified/silica-gel-60/p/p091.2,,https://www.carlroth.com/medias/SDB-P091-NO-NO.pdf?context=bWFzdGVyfHNlY3VyaXR5RGF0YXNoZWV0c3wxOTEzNjB8YXBwbGljYXRpb24vcGRmfHNlY3VyaXR5RGF0YXNoZWV0cy9oNWEvaGQ1Lzg5NzEwNTkzMzExMDIucGRmfDJmOTU1ODFmYWYyYmJiZGQxZTU0YzI2MjIwZGE2ZDE2NTBkZTA1ZTJhYTk4ODlkNmZkZDY5Zjk5Zjg5ODQ3MjM,https://www.carlroth.com/com/en/silica-gels-unmodified/silica-gel-60/p/p091.2,Norwegian,"Silica gel 60, 1 kg 0,04-0,063 mm (400-230 mesh)",Silisiumdioksid 60,27/06/2016,25/08/2017,Carl Roth GmbH + Co KG,,downloads/SDB-P091-NO-NO.pdf,29/06/2020
carlroth.py,carlroth,https://www.carlroth.com/com/en/a-to-z/silicone-oil-m-350/p/4035.1,,https://www.carlroth.com/medias/SDB-4035-NO-NO.pdf?context=bWFzdGVyfHNlY3VyaXR5RGF0YXNoZWV0c3wyNDgxMTF8YXBwbGljYXRpb24vcGRmfHNlY3VyaXR5RGF0YXNoZWV0cy9oMDAvaGRkLzg5NzA5NzY1NTkxMzQucGRmfGYwY2FhYmE2Y2UyYTcxNDBhMDYwOGU0OWI4MTgzMDlkODI5MjRkM2VhZGVmZTc0ZTViOWQ0OGMzMjdmYTE0MjI,https://www.carlroth.com/com/en/a-to-z/silicone-oil-m-350/p/4035.1,Norwegian,"Silicone oil M 350, 1 kg medium viscous, 350 cSt",Silikonolje,17/03/2016,29/03/2019,Carl Roth GmbH + Co KG,,downloads/SDB-4035-NO-NO.pdf,29/06/2020
carlroth.py,carlroth,https://www.carlroth.com/com/en/a-to-z/silicone-oil-m-50/p/4020.2,,https://www.carlroth.com/medias/SDB-4020-NO-NO.pdf?context=bWFzdGVyfHNlY3VyaXR5RGF0YXNoZWV0c3wyMzc3Nzd8YXBwbGljYXRpb24vcGRmfHNlY3VyaXR5RGF0YXNoZWV0cy9oNzAvaDY4Lzg5NzA5NzgxMzE5OTgucGRmfDA1YTBhZjllNjZiYzE2YTBjYjUyYzA5NTk2OWFkOWE2YmFkNDI3NTBkNWQyNzM4Mjg1ZTdjNjljMjExMTQxYjQ,https://www.carlroth.com/com/en/a-to-z/silicone-oil-m-50/p/4020.2,Norwegian,"Silicone oil M 50, 10 kg medium viscous, 50 cSt",Silikonolje,17/03/2016,29/03/2019,Carl Roth GmbH + Co KG,,downloads/SDB-4020-NO-NO.pdf,29/06/2020
carlroth.py,carlroth,https://www.carlroth.com/com/en/gycerin-from-vegetables/glycerol/p/7533.1,,https://www.carlroth.com/medias/SDB-7533-NO-NO.pdf?context=bWFzdGVyfHNlY3VyaXR5RGF0YXNoZWV0c3wyMTY3NjN8YXBwbGljYXRpb24vcGRmfHNlY3VyaXR5RGF0YXNoZWV0cy9oYjUvaDZlLzg5NzEwMDM1NTk5NjYucGRmfDc3YzQ1MTNmOWI1MjM5YjMwN2FhM2FkOTZhZTFjNTUyNzU0ZGZmOTJlZGMwMzk1MzgzMjU5YjBhY2Y0MzI5ZjA,https://www.carlroth.com/com/en/gycerin-from-vegetables/glycerol/p/7533.1,Norwegian,"Glycerol, 1 l SOLVAGREEN® ~86 %, Ph.Eur., extra pure",Glyserin,14/07/2015,28/06/2018,Carl Roth GmbH + Co KG,,downloads/SDB-7533-NO-NO.pdf,29/06/2020
carlroth.py,carlroth,https://www.carlroth.com/com/en/a-to-z/silicone-oil-m-3/p/4106.2,,https://www.carlroth.com/medias/SDB-4106-NO-NO.pdf?context=bWFzdGVyfHNlY3VyaXR5RGF0YXNoZWV0c3wyNjIyMTJ8YXBwbGljYXRpb24vcGRmfHNlY3VyaXR5RGF0YXNoZWV0cy9oYjkvaDA2Lzg5NzA5NzY0NjA4MzAucGRmfDkzODdkY2JkODc3YjJjNzU5OWNlYTU4NjY5MjgzYWQyODEyNDFkZmZkMTNhZTc0M2EwYWNiOGM4NTZhY2Y0YTk,https://www.carlroth.com/com/en/a-to-z/silicone-oil-m-3/p/4106.2,Norwegian,"Silicone oil M 3, 5 kg low viscous, 3 cSt",Silikonolje,17/03/2016,29/03/2019,Carl Roth GmbH + Co KG,"H361, H413, H226",downloads/SDB-4106-NO-NO.pdf,29/06/2020
carlroth.py,carlroth,https://www.carlroth.com/com/en/molecular-sieves/molecular-sieve-4-%C3%A5/p/8471.3,,https://www.carlroth.com/medias/SDB-8471-NO-NO.pdf?context=bWFzdGVyfHNlY3VyaXR5RGF0YXNoZWV0c3wyMzgwMzd8YXBwbGljYXRpb24vcGRmfHNlY3VyaXR5RGF0YXNoZWV0cy9oY2MvaDg3Lzg5ODU1Mjc4MTIxMjYucGRmfDhmMWYwNDFjOTk3NzAxZGZmZjNlZmQzNzM1MjhhOTQwMWRhMWQwNWU0NjBmMjQ2Y2RkMDdhYmQ3MWMxNmNkNzQ,https://www.carlroth.com/com/en/molecular-sieves/molecular-sieve-4-%C3%A5/p/8471.3,Norwegian,"Molecular sieve 4 Å, 2.5 kg, plastic 0,4 nm, type 514, pearls",Molekylsikt,16/09/2015,18/05/2020,Carl Roth GmbH + Co KG,H372,downloads/SDB-8471-NO-NO.pdf,29/06/2020
carlroth.py,carlroth,https://www.carlroth.com/com/en/silica-gels-unmodified/silica-gel-60/p/p090.5,,https://www.carlroth.com/medias/SDB-P090-NO-NO.pdf?context=bWFzdGVyfHNlY3VyaXR5RGF0YXNoZWV0c3wxOTA5OTZ8YXBwbGljYXRpb24vcGRmfHNlY3VyaXR5RGF0YXNoZWV0cy9oMGYvaDk2Lzg5NzEwNTk3MjQzMTgucGRmfGM3YzdlMzBiYzYyMjRiOTJmNDYxYTY2MjQ5ZDU5YjFhNDFjZjA3YTZiMWRjMWFjYmY2MzkzNzY4OGFlNjNjN2E,https://www.carlroth.com/com/en/silica-gels-unmodified/silica-gel-60/p/p090.5,Norwegian,"Silica gel 60, 25 kg 0,03-0,2 mm",Silisiumdioksid 60,27/06/2016,25/08/2017,Carl Roth GmbH + Co KG,,downloads/SDB-P090-NO-NO.pdf,29/06/2020
carlroth.py,carlroth,https://www.carlroth.com/com/en/a-to-z/silicone-oil-m-100/p/4025.3,,https://www.carlroth.com/medias/SDB-4025-NO-NO.pdf?context=bWFzdGVyfHNlY3VyaXR5RGF0YXNoZWV0c3wyMzc3NzR8YXBwbGljYXRpb24vcGRmfHNlY3VyaXR5RGF0YXNoZWV0cy9oMTIvaDI1Lzg5NzA5NzQ5MjA3MzQucGRmfGRhYzA2NGJhNDk1YTE2NmVmODI4YTJhNTZmYzk1MTQ3MDU0YzExNmQ5NDczMjVhNGI0ZTQ0ZDk0NzRiNGY1MTQ,https://www.carlroth.com/com/en/a-to-z/silicone-oil-m-100/p/4025.3,Norwegian,"Silicone oil M 100, 10 kg medium viscous, 100 cSt",Silikonolje,17/03/2016,29/03/2019,Carl Roth GmbH + Co KG,,downloads/SDB-4025-NO-NO.pdf,29/06/2020
carlroth.py,carlroth,https://www.carlroth.com/com/en/gycerin-from-vegetables/glycerol/p/7530.4,,https://www.carlroth.com/medias/SDB-7530-NO-NO.pdf?context=bWFzdGVyfHNlY3VyaXR5RGF0YXNoZWV0c3wyMzY5NzB8YXBwbGljYXRpb24vcGRmfHNlY3VyaXR5RGF0YXNoZWV0cy9oYjUvaDdiLzg5NzEwMDMwMDI5MTAucGRmfDg3MjY3NWY0OTEyZDQwMjBkZDBiMzAxZmQ0Njc5MWM3MjUyYmM3ZjZkOGY4YTgxOGZhMTczNTEzYjU2ZjM5MWY,https://www.carlroth.com/com/en/gycerin-from-vegetables/glycerol/p/7530.4,Norwegian,"Glycerol, 2.5 l SOLVAGREEN® ≥98 %, anhydrous, Ph.Eur.",Glyserin,14/07/2015,25/04/2019,Carl Roth GmbH + Co KG,,downloads/SDB-7530-NO-NO.pdf,29/06/2020
carlroth.py,carlroth,https://www.carlroth.com/com/en/propylene-carbonate/p/5022.4,,https://www.carlroth.com/medias/SDB-5022-NO-NO.pdf?context=bWFzdGVyfHNlY3VyaXR5RGF0YXNoZWV0c3wyNDYyODZ8YXBwbGljYXRpb24vcGRmfHNlY3VyaXR5RGF0YXNoZWV0cy9oOGUvaGU0Lzg5NzA5NjQwNzQ1MjYucGRmfDNjZmYwZGEzZTZhNTJiN2I4ZGQ0MTNmMTc5Nzc3NjBiMDkwOTJkZDcyODkxNjU2YmZhYTYxZDY0OWJiOGJjMjM,https://www.carlroth.com/com/en/propylene-carbonate/p/5022.4,Norwegian,"Propylene carbonate, 2.5 l SOLVAGREEN® ≥99,7 %, for synthesis",Propylenkarbonat,19/01/2016,25/03/2019,Carl Roth GmbH + Co KG,H319,downloads/SDB-5022-NO-NO.pdf,29/06/2020
carlroth.py,carlroth,https://www.carlroth.com/com/en/activated-charcoal/charcoal/p/5963.2,,https://www.carlroth.com/medias/SDB-5963-NO-NO.pdf?context=bWFzdGVyfHNlY3VyaXR5RGF0YXNoZWV0c3wxODM4MTB8YXBwbGljYXRpb24vcGRmfHNlY3VyaXR5RGF0YXNoZWV0cy9oMzcvaGE2Lzg5NzA5NjIzNzA1OTAucGRmfDU4YTA0NTYyYTc5YzE1ZTNiMjE3OWFhOTFhYTI2Y2I4ZDM0ZWMyNjgxMDdlY2M5ZjdhMWU2NWU4MzA0MTg2ZmM,https://www.carlroth.com/com/en/activated-charcoal/charcoal/p/5963.2,Norwegian,"Charcoal, 5 kg powdered, phosphoric acid activated, for decolourisation",Aktivt kull,28/07/2016,,Carl Roth GmbH + Co KG,H252,downloads/SDB-5963-NO-NO.pdf,29/06/2020
carlroth.py,carlroth,https://www.carlroth.com/com/en/a-to-z/silicone-oil-m-5/p/7844.2,,https://www.carlroth.com/medias/SDB-7844-NO-NO.pdf?context=bWFzdGVyfHNlY3VyaXR5RGF0YXNoZWV0c3wyNjIyMzV8YXBwbGljYXRpb24vcGRmfHNlY3VyaXR5RGF0YXNoZWV0cy9oNTYvaGY1Lzg5NzEwMDYzNzgwMTQucGRmfDZmYTM4NTFjNGIwM2FiNzhiODcxNGI5MWU2ZjZkZmI3NDNmOTBlYmZjZmRlNmY3MjcyNzBhMzZkNmVlOWNiMzY,https://www.carlroth.com/com/en/a-to-z/silicone-oil-m-5/p/7844.2,Norwegian,"Silicone oil M 5, 5 l, plastic low viscous, 5 cSt",Silikonolje,17/03/2016,29/03/2019,Carl Roth GmbH + Co KG,"H361, H413, H226",downloads/SDB-7844-NO-NO.pdf,29/06/2020
carlroth.py,carlroth,https://www.carlroth.com/com/en/a-to-z/silicone-oil-m-100/p/a528.1,,https://www.carlroth.com/medias/SDB-A528-NO-NO.pdf?context=bWFzdGVyfHNlY3VyaXR5RGF0YXNoZWV0c3wyMzc4NDB8YXBwbGljYXRpb24vcGRmfHNlY3VyaXR5RGF0YXNoZWV0cy9oYTUvaGI0Lzg5NzEwNjUyOTQ4NzgucGRmfGQ3OWFkZDc3NDI4ODE5ZjBhNGVhMTdkMGRjNjE0YjQ0NzRkYzAyNGRhZmZmMGM5ZmVhNzMyZjg0MWNmZTkwNmU,https://www.carlroth.com/com/en/a-to-z/silicone-oil-m-100/p/a528.1,Norwegian,"Silicone oil M 100 medium viscous, stabilised",Silikonolje,17/03/2016,29/03/2019,Carl Roth GmbH + Co KG,,downloads/SDB-A528-NO-NO.pdf,29/06/2020
carlroth.py,carlroth,https://www.carlroth.com/com/en/silica-gels-unmodified/silica-gel-60/p/0712.3,,https://www.carlroth.com/medias/SDB-0712-NO-NO.pdf?context=bWFzdGVyfHNlY3VyaXR5RGF0YXNoZWV0c3wxOTEwMTV8YXBwbGljYXRpb24vcGRmfHNlY3VyaXR5RGF0YXNoZWV0cy9oZmEvaDE2Lzg5NzA5MjIxNjQyNTQucGRmfDkyZDRiYjMxMTc0YTJkNzVlOTdiOWVkOWEzOWM0NmU0MzAzOGEyZWMwZjM1MGQzZGVkNTdmNTkzZDI0ZmM1Njg,https://www.carlroth.com/com/en/silica-gels-unmodified/silica-gel-60/p/0712.3,Norwegian,"Silica gel 60, 2.5 kg 0,02-0,045 mm",Silisiumdioksid 60,27/06/2016,25/08/2017,Carl Roth GmbH + Co KG,,downloads/SDB-0712-NO-NO.pdf,29/06/2020
carlroth.py,carlroth,https://www.carlroth.com/com/en/a-to-z/silicone-oil-m-200/p/4030.1,,https://www.carlroth.com/medias/SDB-4030-NO-NO.pdf?context=bWFzdGVyfHNlY3VyaXR5RGF0YXNoZWV0c3wyNDgwODN8YXBwbGljYXRpb24vcGRmfHNlY3VyaXR5RGF0YXNoZWV0cy9oZmIvaDA0Lzg5NzA5NzgyOTU4MzgucGRmfGZmZTdjYjE3ZTg0YzI3YWRiNWY0OTA2Nzg3ZTAxMjg4MzEzZTRiZDlkMjQwZDdjYjE4ZWUxMjlhOWUyNzAwMzA,https://www.carlroth.com/com/en/a-to-z/silicone-oil-m-200/p/4030.1,Norwegian,"Silicone oil M 200, 1 kg medium viscous, 200 cSt",Silikonolje,17/03/2016,29/03/2019,Carl Roth GmbH + Co KG,,downloads/SDB-4030-NO-NO.pdf,29/06/2020
carlroth.py,carlroth,https://www.carlroth.com/com/en/molecular-sieves/molecular-sieve-5-%C3%A5/p/8475.3,,https://www.carlroth.com/medias/SDB-8475-NO-NO.pdf?context=bWFzdGVyfHNlY3VyaXR5RGF0YXNoZWV0c3wyMzgwMzZ8YXBwbGljYXRpb24vcGRmfHNlY3VyaXR5RGF0YXNoZWV0cy9oNmEvaDcyLzg5ODU1Mjc4NDQ4OTQucGRmfDY3ZGM3ZGEyNTVlYjhhYjdlZDU1NzNiNWVmMGVhNDlkZDVkYWU5NzM2ZTYxZjk3ZTg5YjQ0NDIxNWNhOTUxZmY,https://www.carlroth.com/com/en/molecular-sieves/molecular-sieve-5-%C3%A5/p/8475.3,Norwegian,"Molecular sieve 5 Å, 2.5 kg, plastic 0,5 nm, type 522, pearls",Molekylsikt,16/09/2015,18/05/2020,Carl Roth GmbH + Co KG,H372,downloads/SDB-8475-NO-NO.pdf,29/06/2020
carlroth.py,carlroth,https://www.carlroth.com/com/en/determination-of-adsorbable-organic-halogen-compounds-aox/charcoal/p/1319.1,,https://www.carlroth.com/medias/SDB-1319-NO-NO.pdf?context=bWFzdGVyfHNlY3VyaXR5RGF0YXNoZWV0c3wyMTkzMzZ8YXBwbGljYXRpb24vcGRmfHNlY3VyaXR5RGF0YXNoZWV0cy9oYjUvaGM5Lzg5NzA5MTM3NDI4NzgucGRmfGUxMmI4NTFhYjM4ZDdiZTc2ZTIyYmNjMjFjYmQ4ZWM4NzMwZjhkZTJlMDJmNzhlMTcyNDY2M2RiZWQwNDhmNjA,https://www.carlroth.com/com/en/determination-of-adsorbable-organic-halogen-compounds-aox/charcoal/p/1319.1,Norwegian,Charcoal for AOX determination (shaking method),Aktivert karbon,21/01/2019,,Carl Roth GmbH + Co KG,,downloads/SDB-1319-NO-NO.pdf,29/06/2020
carlroth.py,carlroth,https://www.carlroth.com/com/en/a-to-z/polyvinyl-acetate/p/9154.1,,https://www.carlroth.com/medias/SDB-9154-NO-NO.pdf?context=bWFzdGVyfHNlY3VyaXR5RGF0YXNoZWV0c3wzMTYwNDF8YXBwbGljYXRpb24vcGRmfHNlY3VyaXR5RGF0YXNoZWV0cy9oNmEvaDIzLzg5NzA5OTU1MzE4MDYucGRmfDI3OGEyYjE0ZmZhNWVkMmUxYjA0YTVmMWVlZGM5NjM2ZDAxM2Q4NTBhZTA3MGVlY2M2ZThmOGU2YjdkMDQ4YjQ,https://www.carlroth.com/com/en/a-to-z/polyvinyl-acetate/p/9154.1,Norwegian,"Polyvinyl acetate, 1 kg extra pure",Polyvinylacetat,22/04/2016,,Carl Roth GmbH + Co KG,,downloads/SDB-9154-NO-NO.pdf,29/06/2020
carlroth.py,carlroth,https://www.carlroth.com/com/en/a-to-z/silicone-oil-pn-200/p/4130.1,,https://www.carlroth.com/medias/SDB-4130-NO-NO.pdf?context=bWFzdGVyfHNlY3VyaXR5RGF0YXNoZWV0c3wzMTU5MDh8YXBwbGljYXRpb24vcGRmfHNlY3VyaXR5RGF0YXNoZWV0cy9oNWMvaDFmLzg5NzA5Nzc1NzQ5NDIucGRmfGJmOGM4MGEzOWRhOWRmMjBiZGQ1MzZlNWIxMmNjMDhhN2NkN2I5MDU3NTE3ZDlhNjI5ZGE4NGIzOWM2MTY0Yzg,https://www.carlroth.com/com/en/a-to-z/silicone-oil-pn-200/p/4130.1,Norwegian,"Silicone oil PN 200, 1 kg medium viscous, 200 cSt",Silikoneolje,05/11/2015,17/03/2016,Carl Roth GmbH + Co KG,,downloads/SDB-4130-NO-NO.pdf,29/06/2020
carlroth.py,carlroth,https://www.carlroth.com/com/en/silica-gels-unmodified/silica-gel-60/p/cn18.3,,https://www.carlroth.com/medias/SDB-CN18-NO-NO.pdf?context=bWFzdGVyfHNlY3VyaXR5RGF0YXNoZWV0c3wxOTExMTB8YXBwbGljYXRpb24vcGRmfHNlY3VyaXR5RGF0YXNoZWV0cy9oNmUvaDYwLzg5NzEwNTU0OTcyNDYucGRmfGZmODA2MWQ5N2FkOTdiMjUwNTQyMTcxMTUxYjIxODQyNzU1YjM2YWRlMTc0MDk5NjUzNGU5MjAxYTZkZjQ4ZjU,https://www.carlroth.com/com/en/silica-gels-unmodified/silica-gel-60/p/cn18.3,Norwegian,"Silica gel 60, 2.5 kg 0,2-0,5 mm",Silisiumdioksid 60,27/06/2016,25/08/2017,Carl Roth GmbH + Co KG,,downloads/SDB-CN18-NO-NO.pdf,29/06/2020
carlroth.py,carlroth,https://www.carlroth.com/com/en/a-to-z/polyethylene-glycol-4000/p/0156.1,,https://www.carlroth.com/medias/SDB-0156-NO-NO.pdf?context=bWFzdGVyfHNlY3VyaXR5RGF0YXNoZWV0c3wyMzgyMDV8YXBwbGljYXRpb24vcGRmfHNlY3VyaXR5RGF0YXNoZWV0cy9oZjcvaGNiLzg5NzA5MTk3NzIxOTAucGRmfGQzOWJjODZkZTIwZGYwYjQyMTc5MjU0ZjVjZDVkMjE5MzZlZWNmOGI0YTAyZTc1YzkyMjU2NTU4M2ZjNjkzYzM,https://www.carlroth.com/com/en/a-to-z/polyethylene-glycol-4000/p/0156.1,Norwegian,"Polyethylene glycol 4000, 1 kg, plastic ROTIPURAN® Ph.Eur.",Polyetylenglykol,09/12/2015,05/07/2019,Carl Roth GmbH + Co KG,,downloads/SDB-0156-NO-NO.pdf,29/06/2020
carlroth.py,carlroth,https://www.carlroth.com/com/en/bioethanol/bioethanol/p/6726.5,,https://www.carlroth.com/medias/SDB-6726-NO-NO.pdf?context=bWFzdGVyfHNlY3VyaXR5RGF0YXNoZWV0c3wyODA3MDd8YXBwbGljYXRpb24vcGRmfHNlY3VyaXR5RGF0YXNoZWV0cy9oYzgvaGYwLzg5ODg3MDUwOTU3MTAucGRmfDk4NjU5ZDNjNTg4NTc3MDBjMDI2ODc3OGZlYjVjYzQ2YzBkMmFkNTAzOWU4YWE1ZWVjNGI1ZTBlYzdkNDc0MzA,https://www.carlroth.com/com/en/bioethanol/bioethanol/p/6726.5,Norwegian,"Bioethanol, 25 l SOLVAGREEN® 96 %, denatured",Etanol,31/07/2015,16/06/2020,Carl Roth GmbH + Co KG,"H336, H319, H225",downloads/SDB-6726-NO-NO.pdf,29/06/2020
